incident_id,person_id,incident_type,date,location_id,description
I0001,P034,Vehicle Incident,2026-02-01,L015,Synthetic incident record 1 involving Person P034.
I0002,P048,Communication Alert,2026-07-11,L022,Synthetic incident record 2 involving Person P048.
I0003,P034,Vehicle Incident,2026-04-08,L027,Synthetic incident record 3 involving Person P034.
I0004,P082,Suspicious Meeting,2026-01-28,L022,Synthetic incident record 4 involving Person P082.
I0005,P030,Financial Dispute,2026-01-07,L020,Synthetic incident record 5 involving Person P030.
I0006,P072,Suspicious Meeting,2026-08-23,L020,Synthetic incident record 6 involving Person P072.
I0007,P029,Communication Alert,2026-01-17,L021,Synthetic incident record 7 involving Person P029.
I0008,P060,Communication Alert,2026-03-19,L021,Synthetic incident record 8 involving Person P060.
I0009,P053,Theft Report,2026-02-05,L002,Synthetic incident record 9 involving Person P053.
I0010,P005,Suspicious Meeting,2026-05-07,L004,Synthetic incident record 10 involving Person P005.
I0011,P013,Fraud Alert,2026-08-16,L018,Synthetic incident record 11 involving Person P013.
I0012,P018,Financial Dispute,2026-04-27,L012,Synthetic incident record 12 involving Person P018.
I0013,P086,Communication Alert,2026-06-28,L018,Synthetic incident record 13 involving Person P086.
I0014,P054,Vehicle Incident,2026-07-10,L024,Synthetic incident record 14 involving Person P054.
I0015,P020,Financial Dispute,2026-06-17,L004,Synthetic incident record 15 involving Person P020.
I0016,P063,Vehicle Incident,2026-04-15,L009,Synthetic incident record 16 involving Person P063.
I0017,P005,Communication Alert,2026-04-05,L007,Synthetic incident record 17 involving Person P005.
I0018,P057,Financial Dispute,2026-03-02,L028,Synthetic incident record 18 involving Person P057.
I0019,P047,Theft Report,2026-06-25,L012,Synthetic incident record 19 involving Person P047.
I0020,P070,Communication Alert,2026-04-02,L002,Synthetic incident record 20 involving Person P070.
I0021,P051,Suspicious Meeting,2026-02-18,L004,Synthetic incident record 21 involving Person P051.
I0022,P059,Theft Report,2026-06-19,L007,Synthetic incident record 22 involving Person P059.
I0023,P083,Communication Alert,2026-06-02,L001,Synthetic incident record 23 involving Person P083.
I0024,P007,Property Dispute,2026-03-27,L008,Synthetic incident record 24 involving Person P007.
I0025,P017,Property Dispute,2026-05-25,L007,Synthetic incident record 25 involving Person P017.
I0026,P009,Property Dispute,2026-07-15,L018,Synthetic incident record 26 involving Person P009.
I0027,P027,Vehicle Incident,2026-02-25,L027,Synthetic incident record 27 involving Person P027.
I0028,P030,Suspicious Meeting,2026-07-18,L005,Synthetic incident record 28 involving Person P030.
I0029,P077,Theft Report,2026-03-12,L028,Synthetic incident record 29 involving Person P077.
I0030,P019,Fraud Alert,2026-05-19,L009,Synthetic incident record 30 involving Person P019.
I0031,P023,Theft Report,2026-06-19,L028,Synthetic incident record 31 involving Person P023.
I0032,P004,Fraud Alert,2026-01-04,L012,Synthetic incident record 32 involving Person P004.
I0033,P031,Vehicle Incident,2026-03-24,L001,Synthetic incident record 33 involving Person P031.
I0034,P023,Suspicious Meeting,2026-01-14,L005,Synthetic incident record 34 involving Person P023.
I0035,P095,Financial Dispute,2026-05-15,L004,Synthetic incident record 35 involving Person P095.
I0036,P096,Theft Report,2026-05-02,L015,Synthetic incident record 36 involving Person P096.
I0037,P100,Suspicious Meeting,2026-05-12,L019,Synthetic incident record 37 involving Person P100.
I0038,P014,Financial Dispute,2026-05-09,L008,Synthetic incident record 38 involving Person P014.
I0039,P079,Theft Report,2026-07-06,L026,Synthetic incident record 39 involving Person P079.
I0040,P085,Vehicle Incident,2026-03-19,L015,Synthetic incident record 40 involving Person P085.
I0041,P083,Theft Report,2026-01-16,L016,Synthetic incident record 41 involving Person P083.
I0042,P052,Financial Dispute,2026-06-25,L004,Synthetic incident record 42 involving Person P052.
I0043,P063,Communication Alert,2026-08-21,L015,Synthetic incident record 43 involving Person P063.
I0044,P010,Theft Report,2026-03-24,L020,Synthetic incident record 44 involving Person P010.
I0045,P019,Theft Report,2026-02-02,L009,Synthetic incident record 45 involving Person P019.
I0046,P080,Communication Alert,2026-05-30,L018,Synthetic incident record 46 involving Person P080.
I0047,P092,Suspicious Meeting,2026-04-08,L020,Synthetic incident record 47 involving Person P092.
I0048,P068,Suspicious Meeting,2026-04-27,L017,Synthetic incident record 48 involving Person P068.
I0049,P078,Financial Dispute,2026-01-26,L026,Synthetic incident record 49 involving Person P078.
I0050,P090,Theft Report,2026-08-07,L021,Synthetic incident record 50 involving Person P090.
I0051,P084,Property Dispute,2026-05-22,L024,Synthetic incident record 51 involving Person P084.
I0052,P028,Financial Dispute,2026-04-26,L029,Synthetic incident record 52 involving Person P028.
I0053,P030,Financial Dispute,2026-03-28,L027,Synthetic incident record 53 involving Person P030.
I0054,P059,Financial Dispute,2026-04-17,L024,Synthetic incident record 54 involving Person P059.
I0055,P013,Suspicious Meeting,2026-04-20,L011,Synthetic incident record 55 involving Person P013.
I0056,P086,Suspicious Meeting,2026-04-06,L005,Synthetic incident record 56 involving Person P086.
I0057,P088,Financial Dispute,2026-01-18,L003,Synthetic incident record 57 involving Person P088.
I0058,P011,Theft Report,2026-04-21,L004,Synthetic incident record 58 involving Person P011.
I0059,P096,Communication Alert,2026-04-06,L026,Synthetic incident record 59 involving Person P096.
I0060,P017,Vehicle Incident,2026-01-16,L019,Synthetic incident record 60 involving Person P017.
I0061,P072,Vehicle Incident,2026-03-26,L022,Synthetic incident record 61 involving Person P072.
I0062,P016,Financial Dispute,2026-04-01,L028,Synthetic incident record 62 involving Person P016.
I0063,P086,Property Dispute,2026-04-19,L028,Synthetic incident record 63 involving Person P086.
I0064,P093,Theft Report,2026-03-15,L020,Synthetic incident record 64 involving Person P093.
I0065,P040,Suspicious Meeting,2026-01-27,L019,Synthetic incident record 65 involving Person P040.
I0066,P065,Fraud Alert,2026-02-09,L022,Synthetic incident record 66 involving Person P065.
I0067,P062,Fraud Alert,2026-08-05,L004,Synthetic incident record 67 involving Person P062.
I0068,P045,Property Dispute,2026-05-23,L012,Synthetic incident record 68 involving Person P045.
I0069,P015,Property Dispute,2026-03-13,L019,Synthetic incident record 69 involving Person P015.
I0070,P029,Property Dispute,2026-04-20,L028,Synthetic incident record 70 involving Person P029.
I0071,P072,Property Dispute,2026-07-29,L020,Synthetic incident record 71 involving Person P072.
I0072,P079,Communication Alert,2026-06-14,L018,Synthetic incident record 72 involving Person P079.
I0073,P004,Vehicle Incident,2026-08-26,L022,Synthetic incident record 73 involving Person P004.
I0074,P089,Suspicious Meeting,2026-01-08,L006,Synthetic incident record 74 involving Person P089.
I0075,P035,Communication Alert,2026-07-15,L010,Synthetic incident record 75 involving Person P035.
I0076,P044,Suspicious Meeting,2026-01-02,L006,Synthetic incident record 76 involving Person P044.
I0077,P019,Vehicle Incident,2026-06-18,L013,Synthetic incident record 77 involving Person P019.
I0078,P009,Fraud Alert,2026-07-09,L021,Synthetic incident record 78 involving Person P009.
I0079,P004,Theft Report,2026-07-11,L017,Synthetic incident record 79 involving Person P004.
I0080,P028,Financial Dispute,2026-04-18,L015,Synthetic incident record 80 involving Person P028.
I0081,P044,Fraud Alert,2026-04-05,L010,Synthetic incident record 81 involving Person P044.
I0082,P093,Suspicious Meeting,2026-07-18,L019,Synthetic incident record 82 involving Person P093.
I0083,P077,Theft Report,2026-08-15,L002,Synthetic incident record 83 involving Person P077.
I0084,P020,Fraud Alert,2026-07-13,L020,Synthetic incident record 84 involving Person P020.
I0085,P007,Communication Alert,2026-01-21,L009,Synthetic incident record 85 involving Person P007.
I0086,P057,Communication Alert,2026-04-19,L016,Synthetic incident record 86 involving Person P057.
I0087,P078,Financial Dispute,2026-04-17,L009,Synthetic incident record 87 involving Person P078.
I0088,P028,Property Dispute,2026-05-12,L004,Synthetic incident record 88 involving Person P028.
I0089,P045,Financial Dispute,2026-01-29,L010,Synthetic incident record 89 involving Person P045.
I0090,P087,Communication Alert,2026-06-01,L016,Synthetic incident record 90 involving Person P087.
I0091,P068,Communication Alert,2026-03-20,L002,Synthetic incident record 91 involving Person P068.
I0092,P029,Financial Dispute,2026-06-03,L002,Synthetic incident record 92 involving Person P029.
I0093,P001,Fraud Alert,2026-03-19,L007,Synthetic incident record 93 involving Person P001.
I0094,P099,Fraud Alert,2026-07-15,L009,Synthetic incident record 94 involving Person P099.
I0095,P038,Suspicious Meeting,2026-01-31,L001,Synthetic incident record 95 involving Person P038.
I0096,P064,Communication Alert,2026-04-21,L006,Synthetic incident record 96 involving Person P064.
I0097,P017,Financial Dispute,2026-05-17,L023,Synthetic incident record 97 involving Person P017.
I0098,P030,Vehicle Incident,2026-05-24,L027,Synthetic incident record 98 involving Person P030.
I0099,P086,Property Dispute,2026-04-01,L003,Synthetic incident record 99 involving Person P086.
I0100,P051,Property Dispute,2026-07-09,L002,Synthetic incident record 100 involving Person P051.
I0101,P056,Theft Report,2026-04-28,L030,Synthetic incident record 101 involving Person P056.
I0102,P010,Property Dispute,2026-03-22,L019,Synthetic incident record 102 involving Person P010.
I0103,P055,Vehicle Incident,2026-04-14,L023,Synthetic incident record 103 involving Person P055.
I0104,P082,Financial Dispute,2026-03-16,L004,Synthetic incident record 104 involving Person P082.
I0105,P052,Theft Report,2026-03-25,L006,Synthetic incident record 105 involving Person P052.
I0106,P080,Financial Dispute,2026-08-01,L023,Synthetic incident record 106 involving Person P080.
I0107,P047,Theft Report,2026-04-22,L028,Synthetic incident record 107 involving Person P047.
I0108,P014,Fraud Alert,2026-04-22,L019,Synthetic incident record 108 involving Person P014.
I0109,P052,Vehicle Incident,2026-01-21,L013,Synthetic incident record 109 involving Person P052.
I0110,P040,Communication Alert,2026-03-28,L008,Synthetic incident record 110 involving Person P040.
I0111,P043,Property Dispute,2026-02-13,L003,Synthetic incident record 111 involving Person P043.
I0112,P066,Communication Alert,2026-01-30,L017,Synthetic incident record 112 involving Person P066.
I0113,P066,Fraud Alert,2026-08-20,L025,Synthetic incident record 113 involving Person P066.
I0114,P045,Suspicious Meeting,2026-07-06,L027,Synthetic incident record 114 involving Person P045.
I0115,P083,Property Dispute,2026-02-07,L008,Synthetic incident record 115 involving Person P083.
I0116,P014,Fraud Alert,2026-03-07,L007,Synthetic incident record 116 involving Person P014.
I0117,P023,Vehicle Incident,2026-02-09,L025,Synthetic incident record 117 involving Person P023.
I0118,P098,Communication Alert,2026-01-20,L006,Synthetic incident record 118 involving Person P098.
I0119,P099,Communication Alert,2026-05-07,L015,Synthetic incident record 119 involving Person P099.
I0120,P097,Vehicle Incident,2026-07-14,L019,Synthetic incident record 120 involving Person P097.
I0121,P058,Communication Alert,2026-08-25,L029,Synthetic incident record 121 involving Person P058.
I0122,P073,Communication Alert,2026-06-12,L020,Synthetic incident record 122 involving Person P073.
I0123,P042,Property Dispute,2026-06-10,L011,Synthetic incident record 123 involving Person P042.
I0124,P020,Financial Dispute,2026-01-18,L016,Synthetic incident record 124 involving Person P020.
I0125,P057,Communication Alert,2026-03-19,L026,Synthetic incident record 125 involving Person P057.
